title,date,author
News & Article Data Extraction: Open Source vs Closed Source Solutions,"September 10, 2020",Attila Tóth
A PRACTICAL GUIDE TO WEB DATA QA PART IV: COMPLEMENTING SEMI-AUTOMATED TECHNIQUES,"September 03, 2020",Ivan Ivanov and Warley Ferreira Lopes
Real Estate: Use Web Data Extraction to Make Smarter Decisions,"August 27, 2020",Attila Tóth
Scrapy Cloud Secrets: Hub Crawl Frontier and How To Use It,"August 06, 2020",Júlio César Batista
Blog Comments API (BETA): Extract Blog Comment DATA At Scale,"July 30, 2020",John Campbell
Your Price Intelligence Questions Answered,"July 28, 2020",Himanshi Bhatt
Data Center Proxies vs. Residential Proxies,"July 21, 2020",Attila Tóth
How to Get High Success Rates With Proxies: 3 Steps to Scale Up,"July 14, 2020",Attila Tóth
Job Postings API: Stable release,"July 09, 2020",John Campbell
Web Scraping Basics: A Developer’s Guide To Reliably Extract Data,"July 07, 2020",Chira Mircea
