no,title
1,Learn HTML
2,Learn CSS
3,Learn Bootstrap
4,Learn W3.CSS
5,Learn Colors
6,Learn Icons
7,Learn Graphics
8,Learn How To
9,Learn Sass
10,Learn JavaScript
11,Learn jQuery
12,Learn React
13,Learn AngularJS
14,Learn JSON
15,Learn AJAX
16,Learn AppML
17,Learn W3.JS
18,Learn SQL
19,Learn PHP
20,Learn ASP
21,Learn Node.js
22,Learn Raspberry Pi
23,Learn Python
24,Learn Java
25,Learn C++
26,Learn C#
27,Learn Machine Learning
28,Web Templates
29,Web Statistics
30,Web Certificates
31,Web Editor
32,Web Development
33,Test Your Typing Speed
34,Learn XML
35,Learn XML AJAX
36,Learn XML DOM
37,Learn XML DTD
38,Learn XML Schema
39,Learn XSLT
40,Learn XPath
41,Learn XQuery
42,HTML Reference
43,CSS Reference
44,JS Reference
45,SQL Reference
46,PHP Reference
47,jQuery Reference
48,Python Reference
49,Bootstrap 3 Reference
50,Bootstrap 4 Reference
51,W3.CSS Reference
52,Java Reference
53,Angular Reference
54,Sass Reference
55,UTF-8 Reference
56,HTML Exercises
57,CSS Exercises
58,JavaScript Exercises
59,SQL Exercises
60,PHP Exercises
61,Python Exercises
62,Java Exercises
63,C++ Exercises
64,C# Exercises
65,Bootstrap Exercises
